scale_factor,top_bitstring,top_count,top_frequency,portfolio_exp_return,portfolio_volatility,n_selected_assets
0.8,00101110,56,0.14,0.060864876750000005,0.07796790485513895,4
1.0,11010001,43,0.1075,0.046894781249999996,0.054853487810712635,4
1.2,00010110,50,0.125,0.052223045999999995,0.07701473524231868,3
1.5,00010000,74,0.185,0.060711072,0.13621241867025194,1
